entity_id,label,inverse_entity_id,inverse_label,inverse_source,verdict,note
BFO.0000055,realizes,BFO.0000054,realized in,passive_prep,accept,
BFO.0000063,precedes,BFO.0000062,preceded by,passive_by,accept,
PEL.000026,produces,RO.0003001,produced by,passive_by,accept,
RO.0002090,immediately precedes,RO.0002087,immediately preceded by,passive_by,accept,
RO.0002221,surrounds,RO.0002219,surrounded by,passive_by,accept,
RO.0002253,has connecting branch,RO.0002252,connecting branch of,has_of,accept,
RO.0002257,developmentally induces,RO.0002256,developmentally induced by,passive_by,accept,
RO.0002292,expresses,RO.0002206,expressed in,passive_prep,accept,
RO.0002293,ubiquitously expresses,RO.0002291,ubiquitously expressed in,passive_prep,accept,
RO.0002333,enabled by,RO.0002327,enables,passive_by,accept,
RO.0002334,regulated by,RO.0002211,regulates,passive_by,accept,
RO.0002335,negatively regulated by,RO.0002212,negatively regulates,passive_by,accept,
RO.0002336,positively regulated by,RO.0002213,positively regulates,passive_by,accept,
RO.0002456,pollinated by,RO.0002455,pollinates,passive_by,accept,
RO.0002470,eats,RO.0002471,is eaten by,passive_by,accept,
RO.0002508,determines,RO.0002507,determined by,passive_by,accept,
RO.0002566,causally influences,RO.0002559,causally influenced by,passive_by,accept,
RO.0002569,has branching part,RO.0002380,branching part of,has_of,accept,
RO.0002578,directly regulates,RO.0002022,directly regulated by,passive_by,accept,
RO.0002619,visited by,RO.0002618,visits,passive_by,accept,
RO.0002627,is killed by,RO.0002626,kills,passive_by,accept,
RO.0017009,is owned by,RO.0017008,owns,passive_by,accept,
PEL.000000,activates,PEL.000038,activated by,passive_by,accept,
PEL.000001,actuates,PEL.000039,actuated by,passive_by,accept,
PEL.000004,causes,PEL.000042,caused by,passive_by,accept,
PEL.000005,constrains,PEL.000043,constrained by,passive_by,accept,
PEL.000006,controls,PEL.000044,controlled by,passive_by,accept,
PEL.000007,degrades,PEL.000045,degraded by,passive_by,accept,
PEL.000008,destroys,PEL.000046,destroyed by,passive_by,accept,
PEL.000009,directs,PEL.000047,directed by,passive_by,accept,
PEL.000010,downregulates,PEL.000048,downregulated by,passive_by,accept,
PEL.000011,enhances,PEL.000049,enhanced by,passive_by,accept,
PEL.000012,facilitates,PEL.000050,facilitated by,passive_by,accept,
PEL.000013,forces,PEL.000051,forced by,passive_by,accept,
PEL.000014,hinders,PEL.000052,hindered by,passive_by,accept,
PEL.000015,inactivates,PEL.000053,inactivated by,passive_by,accept,
PEL.000016,increases,PEL.000054,increased by,passive_by,accept,
PEL.000017,induces,PEL.000055,induced by,passive_by,accept,
PEL.000018,inhibits,PEL.000056,inhibited by,passive_by,accept,
PEL.000019,initiates,PEL.000057,initiated by,passive_by,accept,
PEL.000022,limits,PEL.000059,limited by,passive_by,accept,
PEL.000023,mentions,PEL.000060,mentioned by,passive_by,accept,"discourse relation, non-biomedical"
PEL.000024,overproduces,PEL.000061,overproduced by,passive_by,accept,
PEL.000025,phosphorylates,PEL.000062,phosphorylated by,passive_by,accept,
PEL.000027,promotes,PEL.000063,promoted by,passive_by,accept,
PEL.000028,provokes,PEL.000064,provoked by,passive_by,accept,
PEL.000029,reduces,PEL.000065,reduced by,passive_by,accept,
PEL.000030,represses,PEL.000066,repressed by,passive_by,accept,label fixed: 'repress' -> 'represses'
PEL.000031,reverts,PEL.000067,reverted by,passive_by,accept,
PEL.000032,secretes,PEL.000068,secreted by,passive_by,accept,
PEL.000035,suppresses,PEL.000070,suppressed by,passive_by,accept,label fixed: 'suppress' -> 'suppresses'
PEL.000036,triggers,PEL.000071,triggered by,passive_by,accept,
PEL.000037,upregulates,PEL.000072,upregulated by,passive_by,accept,
PEL.000020,interrupts,PEL.000058,interrupted by,passive_by,accept,
PEL.000034,stimulates,PEL.000069,stimulated by,passive_by,accept,
